Date,Trends,Joe Biden,Elizabeth Warren,Bernie Sanders,Pete Buttigieg,Amy Klobuchar,Andrew Yang,Cory Booker,Tom Steyer,Michael Bloomberg,Price,Predictions Diff
5,6.0,0,0,1,0,0,0,0,0,0,$0.09 ,-0.010000000000000009
5,0.64,0,0,0,0,0,0,1,0,0,$0.01 ,0.0
5,20.400000000000002,1,0,0,0,0,0,0,0,0,$0.22 ,-0.04000000000000001
5,19.35,0,1,0,0,0,0,0,0,0,$0.51 ,0.06
5,0.15,0,0,0,0,1,0,0,0,0,$0.01 ,-0.01
5,0.0,0,0,0,0,0,0,0,0,1,$0.01 ,0.0
5,2.52,0,0,0,0,0,1,0,0,0,$0.11 ,0.0
5,0.6300000000000001,0,0,0,1,0,0,0,0,0,$0.07 ,0.0
5,0.2,0,0,0,0,0,0,0,1,0,$0.01 ,-0.01
6,2.88,0,0,1,0,0,0,0,0,0,$0.08 ,0.009999999999999995
6,0.72,0,0,0,0,0,0,1,0,0,$0.01 ,0.0
6,11.47,1,0,0,0,0,0,0,0,0,$0.22 ,0.0
6,9.3,0,1,0,0,0,0,0,0,0,$0.47 ,-0.040000000000000036
6,0.12,0,0,0,0,1,0,0,0,0,$0.02 ,0.01
6,0.0,0,0,0,0,0,0,0,0,1,$0.01 ,0.0
6,2.66,0,0,0,0,0,1,0,0,0,$0.10 ,0.0
6,0.36,0,0,0,1,0,0,0,0,0,$0.09 ,0.01999999999999999
6,0.56,0,0,0,0,0,0,0,1,0,$0.03 ,0.019999999999999997
7,2.56,0,0,1,0,0,0,0,0,0,$0.07 ,-0.01999999999999999
7,0.72,0,0,0,0,0,0,1,0,0,$0.01 ,0.0
7,7.36,1,0,0,0,0,0,0,0,0,$0.21 ,-0.020000000000000018
7,12.24,0,1,0,0,0,0,0,0,0,$0.47 ,-0.040000000000000036
7,0.15,0,0,0,0,1,0,0,0,0,$0.01 ,0.0
7,0.0,0,0,0,0,0,0,0,0,1,$0.01 ,0.0
7,3.2,0,0,0,0,0,1,0,0,0,$0.11 ,0.009999999999999995
7,0.64,0,0,0,1,0,0,0,0,0,$0.08 ,-0.009999999999999995
7,0.25,0,0,0,0,0,0,0,1,0,$0.02 ,0.01
8,9.3,0,0,1,0,0,0,0,0,0,$0.08 ,0.009999999999999995
8,0.56,0,0,0,0,0,0,1,0,0,$0.01 ,-0.01
8,17.48,1,0,0,0,0,0,0,0,0,$0.21 ,0.0
8,13.68,0,1,0,0,0,0,0,0,0,$0.48 ,-0.040000000000000036
8,0.2,0,0,0,0,1,0,0,0,0,$0.02 ,0.0
8,0.0,0,0,0,0,0,0,0,0,1,$0.01 ,0.0
8,2.85,0,0,0,0,0,1,0,0,0,$0.12 ,0.009999999999999995
8,0.6300000000000001,0,0,0,1,0,0,0,0,0,$0.08 ,0.0
8,0.35000000000000003,0,0,0,0,0,0,0,1,0,$0.03 ,0.019999999999999997
9,2.56,0,0,1,0,0,0,0,0,0,$0.08 ,-0.009999999999999995
9,2.52,0,0,0,0,0,0,1,0,0,$0.02 ,0.0
9,17.86,1,0,0,0,0,0,0,0,0,$0.21 ,0.009999999999999981
9,6.76,0,1,0,0,0,0,0,0,0,$0.48 ,-0.030000000000000027
9,0.2,0,0,0,0,1,0,0,0,0,$0.02 ,0.01
9,0.0,0,0,0,0,0,0,0,0,1,$0.01 ,0.0
9,2.34,0,0,0,0,0,1,0,0,0,$0.11 ,0.0
9,0.72,0,0,0,1,0,0,0,0,0,$0.10 ,0.020000000000000004
9,0.42000000000000004,0,0,0,0,0,0,0,1,0,$0.03 ,0.019999999999999997
10,1.21,0,0,1,0,0,0,0,0,0,$0.08 ,-0.009999999999999995
10,2.24,0,0,0,0,0,0,1,0,0,$0.03 ,0.019999999999999997
10,27.93,1,0,0,0,0,0,0,0,0,$0.21 ,-0.010000000000000009
10,22.56,0,1,0,0,0,0,0,0,0,$0.48 ,-0.030000000000000027
10,0.45,0,0,0,0,1,0,0,0,0,$0.02 ,0.01
10,0.0,0,0,0,0,0,0,0,0,1,$0.01 ,0.0
10,2.6999999999999997,0,0,0,0,0,1,0,0,0,$0.10 ,-0.009999999999999995
10,3.4000000000000004,0,0,0,1,0,0,0,0,0,$0.08 ,0.009999999999999995
10,0.9,0,0,0,0,0,0,0,1,0,$0.02 ,0.01
11,1.21,0,0,1,0,0,0,0,0,0,$0.07 ,-0.009999999999999995
11,0.72,0,0,0,0,0,0,1,0,0,$0.01 ,0.0
11,9.99,1,0,0,0,0,0,0,0,0,$0.21 ,-0.010000000000000009
11,17.22,0,1,0,0,0,0,0,0,0,$0.46 ,-0.009999999999999953
11,2.4,0,0,0,0,1,0,0,0,0,$0.01 ,-0.01
11,0.0,0,0,0,0,0,0,0,0,1,$0.01 ,0.0
11,2.5200000000000005,0,0,0,0,0,1,0,0,0,$0.10 ,0.0
11,1.2000000000000002,0,0,0,1,0,0,0,0,0,$0.08 ,-0.009999999999999995
11,0.25,0,0,0,0,0,0,0,1,0,$0.02 ,-0.009999999999999998
12,0.9,0,0,1,0,0,0,0,0,0,$0.08 ,0.009999999999999995
12,3.8,0,0,0,0,0,0,1,0,0,$0.02 ,0.01
12,15.91,1,0,0,0,0,0,0,0,0,$0.21 ,0.0
12,14.040000000000001,0,1,0,0,0,0,0,0,0,$0.47 ,0.0
12,0.8,0,0,0,0,1,0,0,0,0,$0.02 ,0.01
12,0.1,0,0,0,0,0,0,0,0,1,$0.01 ,0.0
12,3.4499999999999997,0,0,0,0,0,1,0,0,0,$0.10 ,-0.009999999999999995
12,1.9500000000000002,0,0,0,1,0,0,0,0,0,$0.08 ,0.0
12,0.49000000000000005,0,0,0,0,0,0,0,1,0,$0.02 ,0.0
13,0.8099999999999999,0,0,1,0,0,0,0,0,0,$0.07 ,-0.009999999999999995
13,2.3800000000000003,0,0,0,0,0,0,1,0,0,$0.02 ,0.01
13,9.450000000000001,1,0,0,0,0,0,0,0,0,$0.21 ,0.0
13,9.0,0,1,0,0,0,0,0,0,0,$0.46 ,-0.019999999999999962
13,0.18,0,0,0,0,1,0,0,0,0,$0.01 ,-0.01
13,0.54,0,0,0,0,0,0,0,0,1,$0.05 ,0.04
13,1.92,0,0,0,0,0,1,0,0,0,$0.10 ,-0.01999999999999999
13,1.43,0,0,0,1,0,0,0,0,0,$0.08 ,0.0
13,0.8,0,0,0,0,0,0,0,1,0,$0.02 ,-0.009999999999999998
14,1.21,0,0,1,0,0,0,0,0,0,$0.12 ,0.039999999999999994
14,3.42,0,0,0,0,0,0,1,0,0,$0.03 ,0.009999999999999998
14,20.0,1,0,0,0,0,0,0,0,0,$0.21 ,0.0
14,11.899999999999999,0,1,0,0,0,0,0,0,0,$0.43 ,-0.04999999999999999
14,0.28,0,0,0,0,1,0,0,0,0,$0.03 ,0.009999999999999998
14,1.1099999999999999,0,0,0,0,0,0,0,0,1,$0.03 ,0.019999999999999997
14,3.15,0,0,0,0,0,1,0,0,0,$0.10 ,-0.009999999999999995
14,1.9500000000000002,0,0,0,1,0,0,0,0,0,$0.11 ,0.009999999999999995
14,1.69,0,0,0,0,0,0,0,1,0,$0.01 ,-0.019999999999999997
15,11.56,0,0,1,0,0,0,0,0,0,$0.13 ,0.05
15,100.0,0,0,0,0,0,0,1,0,0,$0.01 ,-0.019999999999999997
15,87.0,1,0,0,0,0,0,0,0,0,$0.19 ,-0.01999999999999999
15,100.0,0,1,0,0,0,0,0,0,0,$0.45 ,-0.02999999999999997
15,63.0,0,0,0,0,1,0,0,0,0,$0.03 ,0.009999999999999998
15,0.66,0,0,0,0,0,0,0,0,1,$0.02 ,0.01
15,76.0,0,0,0,0,0,1,0,0,0,$0.10 ,0.0
15,87.0,0,0,0,1,0,0,0,0,0,$0.12 ,0.039999999999999994
15,100.0,0,0,0,0,0,0,0,1,0,$0.01 ,-0.01
16,1.69,0,0,1,0,0,0,0,0,0,$0.12 ,0.04999999999999999
16,2.72,0,0,0,0,0,0,1,0,0,$0.02 ,0.01
16,14.96,1,0,0,0,0,0,0,0,0,$0.20 ,-0.009999999999999981
16,11.549999999999999,0,1,0,0,0,0,0,0,0,$0.46 ,0.0
16,4.75,0,0,0,0,1,0,0,0,0,$0.02 ,0.01
16,0.19,0,0,0,0,0,0,0,0,1,$0.03 ,0.019999999999999997
16,7.92,0,0,0,0,0,1,0,0,0,$0.10 ,0.0
16,8.120000000000001,0,0,0,1,0,0,0,0,0,$0.14 ,0.06000000000000001
16,1.69,0,0,0,0,0,0,0,1,0,$0.01 ,-0.01
17,1.0,0,0,1,0,0,0,0,0,0,$0.13 ,0.05
17,2.25,0,0,0,0,0,0,1,0,0,$0.02 ,0.0
17,8.58,1,0,0,0,0,0,0,0,0,$0.19 ,-0.01999999999999999
17,5.76,0,1,0,0,0,0,0,0,0,$0.44 ,-0.02999999999999997
17,1.17,0,0,0,0,1,0,0,0,0,$0.03 ,0.009999999999999998
17,0.16,0,0,0,0,0,0,0,0,1,$0.04 ,0.03
17,10.080000000000002,0,0,0,0,0,1,0,0,0,$0.10 ,0.0
17,3.2399999999999998,0,0,0,1,0,0,0,0,0,$0.14 ,0.06000000000000001
17,0.8,0,0,0,0,0,0,0,1,0,$0.01 ,-0.01
18,3.6,0,0,1,0,0,0,0,0,0,$0.13 ,0.06
18,2.72,0,0,0,0,0,0,1,0,0,$0.02 ,0.0
18,7.4399999999999995,1,0,0,0,0,0,0,0,0,$0.20 ,-0.009999999999999981
18,4.62,0,1,0,0,0,0,0,0,0,$0.43 ,-0.030000000000000027
18,0.72,0,0,0,0,1,0,0,0,0,$0.03 ,0.019999999999999997
18,0.1,0,0,0,0,0,0,0,0,1,$0.03 ,-0.020000000000000004
18,6.44,0,0,0,0,0,1,0,0,0,$0.10 ,0.0
18,3.5999999999999996,0,0,0,1,0,0,0,0,0,$0.14 ,0.06000000000000001
18,0.36,0,0,0,0,0,0,0,1,0,$0.01 ,-0.01
19,3.42,0,0,1,0,0,0,0,0,0,$0.13 ,0.010000000000000009
19,2.4,0,0,0,0,0,0,1,0,0,$0.02 ,-0.009999999999999998
19,5.0,1,0,0,0,0,0,0,0,0,$0.20 ,-0.009999999999999981
19,3.61,0,1,0,0,0,0,0,0,0,$0.44 ,0.010000000000000009
19,0.88,0,0,0,0,1,0,0,0,0,$0.03 ,0.0
19,0.14,0,0,0,0,0,0,0,0,1,$0.04 ,0.010000000000000002
19,4.18,0,0,0,0,0,1,0,0,0,$0.09 ,-0.010000000000000009
19,4.6000000000000005,0,0,0,1,0,0,0,0,0,$0.13 ,0.020000000000000004
19,0.56,0,0,0,0,0,0,0,1,0,$0.01 ,0.0
20,1.32,0,0,1,0,0,0,0,0,0,$0.12 ,-0.010000000000000009
20,1.3199999999999998,0,0,0,0,0,0,1,0,0,$0.02 ,0.01
20,4.75,1,0,0,0,0,0,0,0,0,$0.20 ,0.010000000000000009
20,4.2,0,1,0,0,0,0,0,0,0,$0.39 ,-0.06
20,1.17,0,0,0,0,1,0,0,0,0,$0.02 ,-0.009999999999999998
20,0.15,0,0,0,0,0,0,0,0,1,$0.03 ,0.009999999999999998
20,2.88,0,0,0,0,0,1,0,0,0,$0.10 ,0.0
20,7.199999999999999,0,0,0,1,0,0,0,0,0,$0.16 ,0.04000000000000001
20,0.36,0,0,0,0,0,0,0,1,0,$0.01 ,0.0
21,1.21,0,0,1,0,0,0,0,0,0,$0.13 ,0.010000000000000009
21,2.24,0,0,0,0,0,0,1,0,0,$0.02 ,0.0
21,3.36,1,0,0,0,0,0,0,0,0,$0.21 ,0.009999999999999981
21,4.83,0,1,0,0,0,0,0,0,0,$0.38 ,-0.08000000000000002
21,2.6,0,0,0,0,1,0,0,0,0,$0.03 ,0.009999999999999998
21,0.15,0,0,0,0,0,0,0,0,1,$0.03 ,0.0
21,2.9400000000000004,0,0,0,0,0,1,0,0,0,$0.09 ,-0.010000000000000009
21,7.800000000000001,0,0,0,1,0,0,0,0,0,$0.17 ,0.03
21,0.36,0,0,0,0,0,0,0,1,0,$0.01 ,0.0
22,0.8999999999999999,0,0,1,0,0,0,0,0,0,$0.12 ,-0.010000000000000009
22,3.6,0,0,0,0,0,0,1,0,0,$0.02 ,0.0
22,9.18,1,0,0,0,0,0,0,0,0,$0.23 ,0.04000000000000001
22,4.0,0,1,0,0,0,0,0,0,0,$0.34 ,-0.09999999999999998
22,0.48,0,0,0,0,1,0,0,0,0,$0.03 ,0.0
22,7.000000000000001,0,0,0,0,0,0,0,0,1,$0.03 ,-0.010000000000000002
22,2.85,0,0,0,0,0,1,0,0,0,$0.09 ,-0.010000000000000009
22,5.28,0,0,0,1,0,0,0,0,0,$0.11 ,-0.030000000000000013
22,0.25,0,0,0,0,0,0,0,1,0,$0.01 ,0.0
23,1.0,0,0,1,0,0,0,0,0,0,$0.12 ,-0.010000000000000009
23,1.21,0,0,0,0,0,0,1,0,0,$0.02 ,0.0
23,6.44,1,0,0,0,0,0,0,0,0,$0.21 ,0.009999999999999981
23,3.6,0,1,0,0,0,0,0,0,0,$0.39 ,-0.03999999999999998
23,0.6300000000000001,0,0,0,0,1,0,0,0,0,$0.03 ,0.0
23,5.3999999999999995,0,0,0,0,0,0,0,0,1,$0.02 ,-0.009999999999999998
23,2.85,0,0,0,0,0,1,0,0,0,$0.09 ,-0.010000000000000009
23,3.06,0,0,0,1,0,0,0,0,0,$0.15 ,0.009999999999999981
23,0.30000000000000004,0,0,0,0,0,0,0,1,0,$0.01 ,0.0
24,1.21,0,0,1,0,0,0,0,0,0,$0.12 ,-0.010000000000000009
24,1.44,0,0,0,0,0,0,1,0,0,$0.01 ,-0.01
24,6.38,1,0,0,0,0,0,0,0,0,$0.22 ,0.01999999999999999
24,3.61,0,1,0,0,0,0,0,0,0,$0.40 ,-0.03999999999999998
24,0.48,0,0,0,0,1,0,0,0,0,$0.03 ,0.0
24,0.21,0,0,0,0,0,0,0,0,1,$0.03 ,-0.010000000000000002
24,2.08,0,0,0,0,0,1,0,0,0,$0.08 ,-0.009999999999999995
24,2.85,0,0,0,1,0,0,0,0,0,$0.14 ,0.010000000000000009
24,0.09,0,0,0,0,0,0,0,1,0,$0.01 ,0.0
25,1.0,0,0,1,0,0,0,0,0,0,$0.13 ,0.010000000000000009
25,0.9,0,0,0,0,0,0,1,0,0,$0.01 ,-0.01
25,4.94,1,0,0,0,0,0,0,0,0,$0.22 ,0.01999999999999999
25,2.72,0,1,0,0,0,0,0,0,0,$0.40 ,0.010000000000000009
25,0.35000000000000003,0,0,0,0,1,0,0,0,0,$0.03 ,0.009999999999999998
25,0.09,0,0,0,0,0,0,0,0,1,$0.03 ,0.0
25,2.24,0,0,0,0,0,1,0,0,0,$0.09 ,-0.010000000000000009
25,2.3800000000000003,0,0,0,1,0,0,0,0,0,$0.17 ,0.010000000000000009
25,0.16,0,0,0,0,0,0,0,1,0,$0.01 ,0.0
26,1.32,0,0,1,0,0,0,0,0,0,$0.12 ,-0.010000000000000009
26,0.49000000000000005,0,0,0,0,0,0,1,0,0,$0.02 ,0.0
26,11.02,1,0,0,0,0,0,0,0,0,$0.22 ,0.010000000000000009
26,2.1,0,1,0,0,0,0,0,0,0,$0.39 ,0.010000000000000009
26,0.35000000000000003,0,0,0,0,1,0,0,0,0,$0.03 ,0.0
26,0.0,0,0,0,0,0,0,0,0,1,$0.03 ,0.0
26,2.24,0,0,0,0,0,1,0,0,0,$0.08 ,-0.009999999999999995
26,1.9500000000000002,0,0,0,1,0,0,0,0,0,$0.15 ,-0.020000000000000018
26,0.25,0,0,0,0,0,0,0,1,0,$0.02 ,0.01
27,1.21,0,0,1,0,0,0,0,0,0,$0.12 ,0.0
27,0.64,0,0,0,0,0,0,1,0,0,$0.01 ,-0.01
27,9.520000000000001,1,0,0,0,0,0,0,0,0,$0.22 ,-0.010000000000000009
27,1.8200000000000003,0,1,0,0,0,0,0,0,0,$0.38 ,0.03999999999999998
27,0.2,0,0,0,0,1,0,0,0,0,$0.02 ,-0.009999999999999998
27,0.11,0,0,0,0,0,0,0,0,1,$0.03 ,0.0
27,2.5200000000000005,0,0,0,0,0,1,0,0,0,$0.08 ,-0.009999999999999995
27,1.54,0,0,0,1,0,0,0,0,0,$0.16 ,0.05
27,0.42000000000000004,0,0,0,0,0,0,0,1,0,$0.02 ,0.01
28,1.21,0,0,1,0,0,0,0,0,0,$0.12 ,0.0
28,0.42000000000000004,0,0,0,0,0,0,1,0,0,$0.01 ,-0.01
28,16.56,1,0,0,0,0,0,0,0,0,$0.22 ,0.010000000000000009
28,2.25,0,1,0,0,0,0,0,0,0,$0.38 ,-0.010000000000000009
28,0.15,0,0,0,0,1,0,0,0,0,$0.03 ,0.0
28,0.09,0,0,0,0,0,0,0,0,1,$0.03 ,0.009999999999999998
28,4.37,0,0,0,0,0,1,0,0,0,$0.07 ,-0.01999999999999999
28,1.32,0,0,0,1,0,0,0,0,0,$0.15 ,0.0
28,0.2,0,0,0,0,0,0,0,1,0,$0.01 ,0.0
29,1.0,0,0,1,0,0,0,0,0,0,$0.12 ,0.0
29,2.88,0,0,0,0,0,0,1,0,0,$0.01 ,0.0
29,9.8,1,0,0,0,0,0,0,0,0,$0.23 ,0.010000000000000009
29,1.9600000000000002,0,1,0,0,0,0,0,0,0,$0.37 ,-0.030000000000000027
29,0.16,0,0,0,0,1,0,0,0,0,$0.03 ,0.0
29,0.07,0,0,0,0,0,0,0,0,1,$0.03 ,0.0
29,2.6999999999999997,0,0,0,0,0,1,0,0,0,$0.08 ,0.0
29,1.43,0,0,0,1,0,0,0,0,0,$0.17 ,0.03
29,0.36,0,0,0,0,0,0,0,1,0,$0.01 ,0.0
30,0.8099999999999999,0,0,1,0,0,0,0,0,0,$0.12 ,-0.010000000000000009
30,1.08,0,0,0,0,0,0,1,0,0,$0.01 ,0.0
30,7.0,1,0,0,0,0,0,0,0,0,$0.22 ,0.0
30,1.69,0,1,0,0,0,0,0,0,0,$0.36 ,-0.040000000000000036
30,0.4,0,0,0,0,1,0,0,0,0,$0.02 ,-0.009999999999999998
30,0.09,0,0,0,0,0,0,0,0,1,$0.03 ,0.0
30,3.04,0,0,0,0,0,1,0,0,0,$0.07 ,-0.01999999999999999
30,1.32,0,0,0,1,0,0,0,0,0,$0.15 ,-0.020000000000000018
30,0.12,0,0,0,0,0,0,0,1,0,$0.01 ,0.0
31,4.05,0,0,1,0,0,0,0,0,0,$0.14 ,0.020000000000000018
31,0.8999999999999999,0,0,0,0,0,0,1,0,0,$0.01 ,-0.01
31,5.88,1,0,0,0,0,0,0,0,0,$0.23 ,0.010000000000000009
31,21.459999999999997,0,1,0,0,0,0,0,0,0,$0.36 ,-0.030000000000000027
31,0.42,0,0,0,0,1,0,0,0,0,$0.03 ,0.0
31,0.01,0,0,0,0,0,0,0,0,1,$0.03 ,0.0
31,5.44,0,0,0,0,0,1,0,0,0,$0.08 ,0.0
31,3.8,0,0,0,1,0,0,0,0,0,$0.17 ,0.020000000000000018
31,0.18,0,0,0,0,0,0,0,1,0,$0.01 ,-0.01
32,4.7,0,0,1,0,0,0,0,0,0,$0.14 ,0.020000000000000018
32,2.08,0,0,0,0,0,0,1,0,0,$0.01 ,0.0
32,6.96,1,0,0,0,0,0,0,0,0,$0.21 ,-0.010000000000000009
32,22.01,0,1,0,0,0,0,0,0,0,$0.37 ,-0.010000000000000009
32,0.48,0,0,0,0,1,0,0,0,0,$0.03 ,0.009999999999999998
32,0.0,0,0,0,0,0,0,0,0,1,$0.03 ,0.0
32,7.140000000000001,0,0,0,0,0,1,0,0,0,$0.08 ,0.0
32,14.44,0,0,0,1,0,0,0,0,0,$0.18 ,0.01999999999999999
32,0.28,0,0,0,0,0,0,0,1,0,$0.01 ,-0.01
33,4.800000000000001,0,0,1,0,0,0,0,0,0,$0.13 ,0.010000000000000009
33,1.1,0,0,0,0,0,0,1,0,0,$0.01 ,0.0
33,6.6,1,0,0,0,0,0,0,0,0,$0.22 ,0.0
33,39.0,0,1,0,0,0,0,0,0,0,$0.37 ,-0.010000000000000009
33,0.4,0,0,0,0,1,0,0,0,0,$0.03 ,0.0
33,0.0,0,0,0,0,0,0,0,0,1,$0.03 ,0.0
33,10.35,0,0,0,0,0,1,0,0,0,$0.07 ,0.0
33,8.120000000000001,0,0,0,1,0,0,0,0,0,$0.17 ,0.020000000000000018
33,0.08,0,0,0,0,0,0,0,1,0,$0.01 ,0.0
34,6.72,0,0,1,0,0,0,0,0,0,$0.14 ,0.020000000000000018
34,1.44,0,0,0,0,0,0,1,0,0,$0.02 ,0.01
34,8.0,1,0,0,0,0,0,0,0,0,$0.22 ,-0.010000000000000009
34,23.25,0,1,0,0,0,0,0,0,0,$0.33 ,-0.03999999999999998
34,0.48,0,0,0,0,1,0,0,0,0,$0.04 ,0.010000000000000002
34,0.0,0,0,0,0,0,0,0,0,1,$0.04 ,0.010000000000000002
34,6.84,0,0,0,0,0,1,0,0,0,$0.08 ,0.0
34,6.24,0,0,0,1,0,0,0,0,0,$0.19 ,0.01999999999999999
34,0.15,0,0,0,0,0,0,0,1,0,$0.01 ,0.0
35,4.32,0,0,1,0,0,0,0,0,0,$0.14 ,0.020000000000000018
35,0.8,0,0,0,0,0,0,1,0,0,$0.01 ,0.0
35,6.67,1,0,0,0,0,0,0,0,0,$0.22 ,0.0
35,14.26,0,1,0,0,0,0,0,0,0,$0.34 ,-0.019999999999999962
35,0.28,0,0,0,0,1,0,0,0,0,$0.03 ,0.009999999999999998
35,0.0,0,0,0,0,0,0,0,0,1,$0.03 ,0.0
35,5.1,0,0,0,0,0,1,0,0,0,$0.09 ,0.01999999999999999
35,5.5200000000000005,0,0,0,1,0,0,0,0,0,$0.19 ,0.04000000000000001
35,0.6599999999999999,0,0,0,0,0,0,0,1,0,$0.02 ,0.01
36,3.96,0,0,1,0,0,0,0,0,0,$0.13 ,-0.010000000000000009
36,1.68,0,0,0,0,0,0,1,0,0,$0.02 ,0.01
36,6.72,1,0,0,0,0,0,0,0,0,$0.23 ,0.0
36,10.600000000000001,0,1,0,0,0,0,0,0,0,$0.32 ,-0.03999999999999998
36,0.88,0,0,0,0,1,0,0,0,0,$0.03 ,0.0
36,0.01,0,0,0,0,0,0,0,0,1,$0.03 ,0.0
36,3.5100000000000002,0,0,0,0,0,1,0,0,0,$0.08 ,0.0
36,3.2399999999999998,0,0,0,1,0,0,0,0,0,$0.19 ,0.01999999999999999
36,0.45,0,0,0,0,0,0,0,1,0,$0.01 ,0.0
37,4.800000000000001,0,0,1,0,0,0,0,0,0,$0.13 ,-0.010000000000000009
37,0.72,0,0,0,0,0,0,1,0,0,$0.01 ,0.0
37,5.5,1,0,0,0,0,0,0,0,0,$0.20 ,-0.009999999999999981
37,15.600000000000001,0,1,0,0,0,0,0,0,0,$0.30 ,-0.07
37,1.12,0,0,0,0,1,0,0,0,0,$0.02 ,-0.009999999999999998
37,8.7,0,0,0,0,0,0,0,0,1,$0.12 ,0.09
37,4.6499999999999995,0,0,0,0,0,1,0,0,0,$0.07 ,-0.009999999999999995
37,4.62,0,0,0,1,0,0,0,0,0,$0.17 ,-0.009999999999999981
37,0.84,0,0,0,0,0,0,0,1,0,$0.01 ,0.0
38,6.38,0,0,1,0,0,0,0,0,0,$0.13 ,0.0
38,1.0,0,0,0,0,0,0,1,0,0,$0.01 ,0.0
38,8.84,1,0,0,0,0,0,0,0,0,$0.20 ,-0.01999999999999999
38,20.009999999999998,0,1,0,0,0,0,0,0,0,$0.31 ,-0.06
38,0.35000000000000003,0,0,0,0,1,0,0,0,0,$0.02 ,-0.009999999999999998
38,100.0,0,0,0,0,0,0,0,0,1,$0.09 ,0.06
38,4.5,0,0,0,0,0,1,0,0,0,$0.09 ,0.01999999999999999
38,6.0,0,0,0,1,0,0,0,0,0,$0.15 ,-0.020000000000000018
38,2.53,0,0,0,0,0,0,0,1,0,$0.01 ,0.0
39,6.05,0,0,1,0,0,0,0,0,0,$0.13 ,-0.010000000000000009
39,0.56,0,0,0,0,0,0,1,0,0,$0.01 ,-0.01
39,5.04,1,0,0,0,0,0,0,0,0,$0.21 ,-0.010000000000000009
39,10.29,0,1,0,0,0,0,0,0,0,$0.31 ,-0.020000000000000018
39,0.28,0,0,0,0,1,0,0,0,0,$0.03 ,-0.010000000000000002
39,21.62,0,0,0,0,0,0,0,0,1,$0.09 ,0.049999999999999996
39,3.25,0,0,0,0,0,1,0,0,0,$0.09 ,0.009999999999999995
39,4.2,0,0,0,1,0,0,0,0,0,$0.16 ,-0.03
39,4.2,0,0,0,0,0,0,0,1,0,$0.01 ,0.0
40,4.7,0,0,1,0,0,0,0,0,0,$0.14 ,0.0
40,0.64,0,0,0,0,0,0,1,0,0,$0.01 ,0.0
40,4.37,1,0,0,0,0,0,0,0,0,$0.22 ,0.0
40,10.29,0,1,0,0,0,0,0,0,0,$0.31 ,-0.030000000000000027
40,0.45,0,0,0,0,1,0,0,0,0,$0.04 ,0.010000000000000002
40,5.0600000000000005,0,0,0,0,0,0,0,0,1,$0.09 ,0.06
40,3.25,0,0,0,0,0,1,0,0,0,$0.09 ,0.0
40,5.5200000000000005,0,0,0,1,0,0,0,0,0,$0.16 ,-0.03
40,1.44,0,0,0,0,0,0,0,1,0,$0.01 ,-0.01
41,5.1000000000000005,0,0,1,0,0,0,0,0,0,$0.13 ,0.0
41,0.42,0,0,0,0,0,0,1,0,0,$0.01 ,-0.01
41,5.98,1,0,0,0,0,0,0,0,0,$0.24 ,0.009999999999999981
41,8.1,0,1,0,0,0,0,0,0,0,$0.29 ,-0.030000000000000027
41,0.4,0,0,0,0,1,0,0,0,0,$0.02 ,-0.009999999999999998
41,2.25,0,0,0,0,0,0,0,0,1,$0.07 ,0.04000000000000001
41,3.38,0,0,0,0,0,1,0,0,0,$0.09 ,0.009999999999999995
41,3.8,0,0,0,1,0,0,0,0,0,$0.17 ,-0.01999999999999999
41,4.8,0,0,0,0,0,0,0,1,0,$0.01 ,0.0
42,5.1000000000000005,0,0,1,0,0,0,0,0,0,$0.14 ,0.010000000000000009
42,0.54,0,0,0,0,0,0,1,0,0,$0.01 ,0.0
42,11.16,1,0,0,0,0,0,0,0,0,$0.23 ,0.03
42,9.8,0,1,0,0,0,0,0,0,0,$0.27 ,-0.02999999999999997
42,0.36,0,0,0,0,1,0,0,0,0,$0.02 ,0.0
42,0.8999999999999999,0,0,0,0,0,0,0,0,1,$0.07 ,-0.04999999999999999
42,3.7800000000000002,0,0,0,0,0,1,0,0,0,$0.09 ,0.01999999999999999
42,6.0,0,0,0,1,0,0,0,0,0,$0.19 ,0.01999999999999999
42,1.2600000000000002,0,0,0,0,0,0,0,1,0,$0.01 ,0.0
43,3.44,0,0,1,0,0,0,0,0,0,$0.13 ,0.0
43,0.56,0,0,0,0,0,0,1,0,0,$0.01 ,0.0
43,8.06,1,0,0,0,0,0,0,0,0,$0.24 ,0.03999999999999998
43,4.760000000000001,0,1,0,0,0,0,0,0,0,$0.28 ,-0.02999999999999997
43,0.16,0,0,0,0,1,0,0,0,0,$0.03 ,0.009999999999999998
43,0.36,0,0,0,0,0,0,0,0,1,$0.06 ,-0.03
43,4.2,0,0,0,0,0,1,0,0,0,$0.09 ,0.0
43,6.0,0,0,0,1,0,0,0,0,0,$0.18 ,0.03
43,2.52,0,0,0,0,0,0,0,1,0,$0.01 ,0.0
44,3.78,0,0,1,0,0,0,0,0,0,$0.14 ,0.010000000000000009
44,0.8,0,0,0,0,0,0,1,0,0,$0.01 ,0.0
44,6.21,1,0,0,0,0,0,0,0,0,$0.23 ,0.020000000000000018
44,8.55,0,1,0,0,0,0,0,0,0,$0.28 ,-0.02999999999999997
44,0.08,0,0,0,0,1,0,0,0,0,$0.02 ,-0.009999999999999998
44,0.16,0,0,0,0,0,0,0,0,1,$0.06 ,-0.03
44,3.5000000000000004,0,0,0,0,0,1,0,0,0,$0.09 ,0.0
44,2.72,0,0,0,1,0,0,0,0,0,$0.19 ,0.03
44,2.1,0,0,0,0,0,0,0,1,0,$0.01 ,0.0
45,3.42,0,0,1,0,0,0,0,0,0,$0.15 ,0.009999999999999981
45,0.56,0,0,0,0,0,0,1,0,0,$0.01 ,0.0
45,5.5,1,0,0,0,0,0,0,0,0,$0.23 ,0.010000000000000009
45,5.92,0,1,0,0,0,0,0,0,0,$0.29 ,-0.020000000000000018
45,0.06,0,0,0,0,1,0,0,0,0,$0.02 ,-0.02
45,0.12,0,0,0,0,0,0,0,0,1,$0.07 ,-0.01999999999999999
45,3.6400000000000006,0,0,0,0,0,1,0,0,0,$0.08 ,-0.009999999999999995
45,2.24,0,0,0,1,0,0,0,0,0,$0.18 ,0.01999999999999999
45,0.72,0,0,0,0,0,0,0,1,0,$0.01 ,0.0
46,3.8699999999999997,0,0,1,0,0,0,0,0,0,$0.14 ,0.010000000000000009
46,0.49000000000000005,0,0,0,0,0,0,1,0,0,$0.01 ,0.0
46,4.18,1,0,0,0,0,0,0,0,0,$0.22 ,-0.01999999999999999
46,5.040000000000001,0,1,0,0,0,0,0,0,0,$0.25 ,-0.03999999999999998
46,0.18,0,0,0,0,1,0,0,0,0,$0.02 ,0.0
46,0.09,0,0,0,0,0,0,0,0,1,$0.06 ,-0.010000000000000009
46,3.2399999999999998,0,0,0,0,0,1,0,0,0,$0.08 ,-0.009999999999999995
46,2.89,0,0,0,1,0,0,0,0,0,$0.20 ,0.03
46,1.02,0,0,0,0,0,0,0,1,0,$0.01 ,0.0
47,3.69,0,0,1,0,0,0,0,0,0,$0.14 ,0.0
47,0.99,0,0,0,0,0,0,1,0,0,$0.01 ,0.0
47,3.99,1,0,0,0,0,0,0,0,0,$0.22 ,-0.010000000000000009
47,5.1,0,1,0,0,0,0,0,0,0,$0.25 ,-0.020000000000000018
47,0.1,0,0,0,0,1,0,0,0,0,$0.03 ,0.009999999999999998
47,0.09,0,0,0,0,0,0,0,0,1,$0.07 ,0.0
47,3.6400000000000006,0,0,0,0,0,1,0,0,0,$0.08 ,-0.009999999999999995
47,39.04,0,0,0,1,0,0,0,0,0,$0.19 ,0.0
47,0.9100000000000001,0,0,0,0,0,0,0,1,0,$0.01 ,0.0
48,3.69,0,0,1,0,0,0,0,0,0,$0.14 ,0.010000000000000009
48,4.18,0,0,0,0,0,0,1,0,0,$0.01 ,0.0
48,7.83,1,0,0,0,0,0,0,0,0,$0.23 ,-0.009999999999999981
48,5.040000000000001,0,1,0,0,0,0,0,0,0,$0.27 ,-0.010000000000000009
48,0.12,0,0,0,0,1,0,0,0,0,$0.03 ,0.0
48,0.2,0,0,0,0,0,0,0,0,1,$0.06 ,0.0
48,3.7800000000000002,0,0,0,0,0,1,0,0,0,$0.08 ,-0.009999999999999995
48,21.62,0,0,0,1,0,0,0,0,0,$0.20 ,0.020000000000000018
48,1.28,0,0,0,0,0,0,0,1,0,$0.01 ,0.0
49,4.05,0,0,1,0,0,0,0,0,0,$0.14 ,0.0
49,1.3,0,0,0,0,0,0,1,0,0,$0.01 ,0.0
49,7.68,1,0,0,0,0,0,0,0,0,$0.24 ,0.009999999999999981
49,3.5999999999999996,0,1,0,0,0,0,0,0,0,$0.24 ,-0.040000000000000036
49,0.24,0,0,0,0,1,0,0,0,0,$0.03 ,0.009999999999999998
49,0.06,0,0,0,0,0,0,0,0,1,$0.08 ,0.020000000000000004
49,4.35,0,0,0,0,0,1,0,0,0,$0.08 ,-0.009999999999999995
49,12.6,0,0,0,1,0,0,0,0,0,$0.20 ,0.010000000000000009
49,1.9000000000000001,0,0,0,0,0,0,0,1,0,$0.01 ,0.0
50,3.96,0,0,1,0,0,0,0,0,0,$0.14 ,-0.009999999999999981
50,1.69,0,0,0,0,0,0,1,0,0,$0.02 ,0.01
50,11.78,1,0,0,0,0,0,0,0,0,$0.21 ,-0.020000000000000018
50,3.48,0,1,0,0,0,0,0,0,0,$0.25 ,-0.03999999999999998
50,0.18,0,0,0,0,1,0,0,0,0,$0.03 ,0.009999999999999998
50,0.04,0,0,0,0,0,0,0,0,1,$0.09 ,0.01999999999999999
50,4.340000000000001,0,0,0,0,0,1,0,0,0,$0.08 ,0.0
50,13.68,0,0,0,1,0,0,0,0,0,$0.22 ,0.04000000000000001
50,3.36,0,0,0,0,0,0,0,1,0,$0.01 ,0.0
51,20.0,0,0,1,0,0,0,0,0,0,$0.15 ,0.009999999999999981
51,93.0,0,0,0,0,0,0,1,0,0,$0.01 ,0.0
51,89.0,1,0,0,0,0,0,0,0,0,$0.21 ,-0.010000000000000009
51,21.459999999999997,0,1,0,0,0,0,0,0,0,$0.25 ,0.0
51,71.0,0,0,0,0,1,0,0,0,0,$0.03 ,0.009999999999999998
51,0.16,0,0,0,0,0,0,0,0,1,$0.09 ,0.03
51,48.0,0,0,0,0,0,1,0,0,0,$0.08 ,0.0
51,98.0,0,0,0,1,0,0,0,0,0,$0.23 ,0.03
51,47.0,0,0,0,0,0,0,0,1,0,$0.01 ,0.0
52,6.6,0,0,1,0,0,0,0,0,0,$0.16 ,0.01999999999999999
52,4.41,0,0,0,0,0,0,1,0,0,$0.02 ,0.01
52,26.32,1,0,0,0,0,0,0,0,0,$0.22 ,0.0
52,5.76,0,1,0,0,0,0,0,0,0,$0.23 ,-0.01999999999999999
52,3.3,0,0,0,0,1,0,0,0,0,$0.03 ,0.0
52,0.2,0,0,0,0,0,0,0,0,1,$0.12 ,0.04999999999999999
52,9.89,0,0,0,0,0,1,0,0,0,$0.08 ,0.0
52,16.4,0,0,0,1,0,0,0,0,0,$0.22 ,0.03
52,3.7800000000000002,0,0,0,0,0,0,0,1,0,$0.01 ,0.0
53,4.4,0,0,1,0,0,0,0,0,0,$0.15 ,0.009999999999999981
53,1.56,0,0,0,0,0,0,1,0,0,$0.02 ,0.01
53,22.95,1,0,0,0,0,0,0,0,0,$0.23 ,0.0
53,5.44,0,1,0,0,0,0,0,0,0,$0.24 ,-0.030000000000000027
53,0.6599999999999999,0,0,0,0,1,0,0,0,0,$0.02 ,-0.009999999999999998
53,0.25,0,0,0,0,0,0,0,0,1,$0.11 ,0.05
53,7.22,0,0,0,0,0,1,0,0,0,$0.07 ,-0.009999999999999995
53,8.7,0,0,0,1,0,0,0,0,0,$0.21 ,0.009999999999999981
53,2.52,0,0,0,0,0,0,0,1,0,$0.01 ,0.0
54,9.520000000000001,0,0,1,0,0,0,0,0,0,$0.16 ,0.01999999999999999
54,2.1,0,0,0,0,0,0,1,0,0,$0.01 ,0.0
54,12.4,1,0,0,0,0,0,0,0,0,$0.24 ,0.0
54,6.5600000000000005,0,1,0,0,0,0,0,0,0,$0.23 ,-0.009999999999999981
54,3.75,0,0,0,0,1,0,0,0,0,$0.03 ,0.0
54,12.6,0,0,0,0,0,0,0,0,1,$0.12 ,0.039999999999999994
54,12.0,0,0,0,0,0,1,0,0,0,$0.07 ,-0.009999999999999995
54,8.7,0,0,0,1,0,0,0,0,0,$0.20 ,0.0
54,11.52,0,0,0,0,0,0,0,1,0,$0.01 ,0.0
55,8.71,0,0,1,0,0,0,0,0,0,$0.16 ,0.01999999999999999
55,2.85,0,0,0,0,0,0,1,0,0,$0.01 ,-0.01
55,8.16,1,0,0,0,0,0,0,0,0,$0.24 ,0.03
55,5.7,0,1,0,0,0,0,0,0,0,$0.22 ,-0.03
55,1.4000000000000001,0,0,0,0,1,0,0,0,0,$0.02 ,-0.009999999999999998
55,19.8,0,0,0,0,0,0,0,0,1,$0.11 ,0.020000000000000004
55,7.6,0,0,0,0,0,1,0,0,0,$0.08 ,0.0
55,6.25,0,0,0,1,0,0,0,0,0,$0.18 ,-0.04000000000000001
55,8.4,0,0,0,0,0,0,0,1,0,$0.01 ,0.0
56,5.83,0,0,1,0,0,0,0,0,0,$0.16 ,0.010000000000000009
56,1.08,0,0,0,0,0,0,1,0,0,$0.01 ,0.0
56,6.5,1,0,0,0,0,0,0,0,0,$0.25 ,0.04000000000000001
56,7.82,0,1,0,0,0,0,0,0,0,$0.18 ,-0.07
56,0.48,0,0,0,0,1,0,0,0,0,$0.03 ,0.0
56,8.7,0,0,0,0,0,0,0,0,1,$0.11 ,0.020000000000000004
56,7.4,0,0,0,0,0,1,0,0,0,$0.08 ,0.0
56,8.7,0,0,0,1,0,0,0,0,0,$0.21 ,-0.020000000000000018
56,7.79,0,0,0,0,0,0,0,1,0,$0.01 ,0.0
57,10.65,0,0,1,0,0,0,0,0,0,$0.17 ,0.010000000000000009
57,2.08,0,0,0,0,0,0,1,0,0,$0.01 ,-0.01
57,6.44,1,0,0,0,0,0,0,0,0,$0.27 ,0.05000000000000002
57,6.630000000000001,0,1,0,0,0,0,0,0,0,$0.17 ,-0.06
57,0.8,0,0,0,0,1,0,0,0,0,$0.03 ,0.0
57,3.2399999999999998,0,0,0,0,0,0,0,0,1,$0.11 ,-0.009999999999999995
57,7.02,0,0,0,0,0,1,0,0,0,$0.08 ,0.0
57,16.4,0,0,0,1,0,0,0,0,0,$0.21 ,-0.010000000000000009
57,6.800000000000001,0,0,0,0,0,0,0,1,0,$0.01 ,0.0
58,5.94,0,0,1,0,0,0,0,0,0,$0.17 ,0.020000000000000018
58,1.44,0,0,0,0,0,0,1,0,0,$0.01 ,-0.01
58,4.83,1,0,0,0,0,0,0,0,0,$0.25 ,0.01999999999999999
58,4.760000000000001,0,1,0,0,0,0,0,0,0,$0.19 ,-0.04999999999999999
58,0.24,0,0,0,0,1,0,0,0,0,$0.02 ,0.0
58,1.56,0,0,0,0,0,0,0,0,1,$0.13 ,0.020000000000000004
58,5.76,0,0,0,0,0,1,0,0,0,$0.08 ,0.009999999999999995
58,6.0,0,0,0,1,0,0,0,0,0,$0.20 ,-0.009999999999999981
58,8.4,0,0,0,0,0,0,0,1,0,$0.01 ,0.0
59,2.45,0,0,1,0,0,0,0,0,0,$0.18 ,0.01999999999999999
59,2.1,0,0,0,0,0,0,1,0,0,$0.01 ,0.0
59,3.04,1,0,0,0,0,0,0,0,0,$0.26 ,0.020000000000000018
59,2.3000000000000003,0,1,0,0,0,0,0,0,0,$0.18 ,-0.05000000000000002
59,0.35000000000000003,0,0,0,0,1,0,0,0,0,$0.03 ,0.0
59,0.72,0,0,0,0,0,0,0,0,1,$0.12 ,0.0
59,3.6400000000000006,0,0,0,0,0,1,0,0,0,$0.07 ,0.0
59,4.83,0,0,0,1,0,0,0,0,0,$0.20 ,0.0
59,7.98,0,0,0,0,0,0,0,1,0,$0.01 ,0.0
60,3.36,0,0,1,0,0,0,0,0,0,$0.17 ,0.010000000000000009
60,0.8,0,0,0,0,0,0,1,0,0,$0.01 ,0.0
60,3.4000000000000004,1,0,0,0,0,0,0,0,0,$0.25 ,0.010000000000000009
60,2.97,0,1,0,0,0,0,0,0,0,$0.18 ,-0.04000000000000001
60,0.28,0,0,0,0,1,0,0,0,0,$0.02 ,0.0
60,0.64,0,0,0,0,0,0,0,0,1,$0.11 ,0.0
60,3.9000000000000004,0,0,0,0,0,1,0,0,0,$0.07 ,-0.009999999999999995
60,5.5200000000000005,0,0,0,1,0,0,0,0,0,$0.19 ,0.010000000000000009
60,3.5100000000000002,0,0,0,0,0,0,0,1,0,$0.01 ,0.0
61,2.61,0,0,1,0,0,0,0,0,0,$0.18 ,0.01999999999999999
61,2.73,0,0,0,0,0,0,1,0,0,$0.01 ,0.0
61,25.97,1,0,0,0,0,0,0,0,0,$0.26 ,0.010000000000000009
61,1.3199999999999998,0,1,0,0,0,0,0,0,0,$0.19 ,0.010000000000000009
61,0.6000000000000001,0,0,0,0,1,0,0,0,0,$0.03 ,0.0
61,3.8500000000000005,0,0,0,0,0,0,0,0,1,$0.12 ,0.009999999999999995
61,2.89,0,0,0,0,0,1,0,0,0,$0.07 ,-0.009999999999999995
61,3.99,0,0,0,1,0,0,0,0,0,$0.19 ,-0.01999999999999999
61,5.55,0,0,0,0,0,0,0,1,0,$0.01 ,0.0
62,1.8200000000000003,0,0,1,0,0,0,0,0,0,$0.18 ,0.009999999999999981
62,0.8400000000000001,0,0,0,0,0,0,1,0,0,$0.01 ,0.0
62,31.360000000000003,1,0,0,0,0,0,0,0,0,$0.27 ,0.0
62,1.32,0,1,0,0,0,0,0,0,0,$0.18 ,0.009999999999999981
62,0.48,0,0,0,0,1,0,0,0,0,$0.03 ,0.0
62,4.72,0,0,0,0,0,0,0,0,1,$0.12 ,0.009999999999999995
62,1.69,0,0,0,0,0,1,0,0,0,$0.08 ,0.0
62,3.42,0,0,0,1,0,0,0,0,0,$0.20 ,-0.009999999999999981
62,5.44,0,0,0,0,0,0,0,1,0,$0.01 ,0.0
63,3.1,0,0,1,0,0,0,0,0,0,$0.17 ,0.0
63,11.75,0,0,0,0,0,0,1,0,0,$0.01 ,0.0
63,56.980000000000004,1,0,0,0,0,0,0,0,0,$0.27 ,0.020000000000000018
63,2.72,0,1,0,0,0,0,0,0,0,$0.18 ,-0.010000000000000009
63,0.64,0,0,0,0,1,0,0,0,0,$0.03 ,0.009999999999999998
63,13.0,0,0,0,0,0,0,0,0,1,$0.11 ,-0.020000000000000004
63,4.62,0,0,0,0,0,1,0,0,0,$0.08 ,0.0
63,6.25,0,0,0,1,0,0,0,0,0,$0.20 ,0.0
63,6.12,0,0,0,0,0,0,0,1,0,$0.01 ,0.0
64,2.88,0,0,1,0,0,0,0,0,0,$0.17 ,-0.009999999999999981
64,30.53,0,0,0,0,0,0,1,0,0,$0.01 ,0.0
64,32.48,1,0,0,0,0,0,0,0,0,$0.28 ,0.020000000000000018
64,1.9600000000000002,0,1,0,0,0,0,0,0,0,$0.18 ,0.0
64,0.8999999999999999,0,0,0,0,1,0,0,0,0,$0.03 ,0.0
64,7.800000000000001,0,0,0,0,0,0,0,0,1,$0.12 ,0.0
64,7.290000000000001,0,0,0,0,0,1,0,0,0,$0.07 ,0.0
64,6.24,0,0,0,1,0,0,0,0,0,$0.20 ,0.0
64,6.29,0,0,0,0,0,0,0,1,0,$0.01 ,0.0
65,4.29,0,0,1,0,0,0,0,0,0,$0.18 ,0.009999999999999981
65,10.559999999999999,0,0,0,0,0,0,1,0,0,$0.01 ,0.0
65,54.75,1,0,0,0,0,0,0,0,0,$0.28 ,0.030000000000000027
65,3.8,0,1,0,0,0,0,0,0,0,$0.16 ,-0.01999999999999999
65,0.42,0,0,0,0,1,0,0,0,0,$0.03 ,0.009999999999999998
65,3.5000000000000004,0,0,0,0,0,0,0,0,1,$0.10 ,-0.009999999999999995
65,4.83,0,0,0,0,0,1,0,0,0,$0.07 ,0.0
65,7.54,0,0,0,1,0,0,0,0,0,$0.20 ,0.010000000000000009
65,3.38,0,0,0,0,0,0,0,1,0,$0.01 ,0.0
66,4.18,0,0,1,0,0,0,0,0,0,$0.19 ,0.010000000000000009
66,5.76,0,0,0,0,0,0,1,0,0,$0.01 ,0.0
66,100.0,1,0,0,0,0,0,0,0,0,$0.27 ,0.010000000000000009
66,1.56,0,1,0,0,0,0,0,0,0,$0.17 ,-0.01999999999999999
66,0.2,0,0,0,0,1,0,0,0,0,$0.03 ,0.0
66,5.76,0,0,0,0,0,0,0,0,1,$0.10 ,-0.01999999999999999
66,5.06,0,0,0,0,0,1,0,0,0,$0.07 ,0.0
66,12.24,0,0,0,1,0,0,0,0,0,$0.19 ,0.0
66,0.5,0,0,0,0,0,0,0,1,0,$0.01 ,0.0
67,3.2,0,0,1,0,0,0,0,0,0,$0.19 ,0.010000000000000009
67,7.9799999999999995,0,0,0,0,0,0,1,0,0,$0.01 ,0.0
67,31.92,1,0,0,0,0,0,0,0,0,$0.27 ,0.0
67,1.43,0,1,0,0,0,0,0,0,0,$0.16 ,-0.01999999999999999
67,0.12,0,0,0,0,1,0,0,0,0,$0.03 ,0.0
67,2.0,0,0,0,0,0,0,0,0,1,$0.10 ,-0.01999999999999999
67,3.06,0,0,0,0,0,1,0,0,0,$0.07 ,-0.009999999999999995
67,7.840000000000001,0,0,0,1,0,0,0,0,0,$0.19 ,-0.010000000000000009
67,0.21,0,0,0,0,0,0,0,1,0,$0.01 ,0.0
68,2.4,0,0,1,0,0,0,0,0,0,$0.20 ,0.03
68,7.9799999999999995,0,0,0,0,0,0,1,0,0,$0.02 ,0.01
68,15.17,1,0,0,0,0,0,0,0,0,$0.28 ,0.010000000000000009
68,0.99,0,1,0,0,0,0,0,0,0,$0.17 ,-0.009999999999999981
68,0.25,0,0,0,0,1,0,0,0,0,$0.04 ,0.010000000000000002
68,1.75,0,0,0,0,0,0,0,0,1,$0.11 ,0.0
68,2.56,0,0,0,0,0,1,0,0,0,$0.07 ,-0.009999999999999995
68,3.99,0,0,0,1,0,0,0,0,0,$0.18 ,-0.020000000000000018
68,0.1,0,0,0,0,0,0,0,1,0,$0.01 ,0.0
69,2.61,0,0,1,0,0,0,0,0,0,$0.19 ,0.01999999999999999
69,3.9,0,0,0,0,0,0,1,0,0,$0.01 ,0.0
69,12.25,1,0,0,0,0,0,0,0,0,$0.27 ,-0.010000000000000009
69,1.44,0,1,0,0,0,0,0,0,0,$0.16 ,-0.01999999999999999
69,0.2,0,0,0,0,1,0,0,0,0,$0.04 ,0.010000000000000002
69,1.08,0,0,0,0,0,0,0,0,1,$0.09 ,-0.03
69,3.06,0,0,0,0,0,1,0,0,0,$0.08 ,0.009999999999999995
69,3.5999999999999996,0,0,0,1,0,0,0,0,0,$0.17 ,-0.03
69,0.24,0,0,0,0,0,0,0,1,0,$0.01 ,0.0
70,3.4000000000000004,0,0,1,0,0,0,0,0,0,$0.19 ,0.010000000000000009
70,4.05,0,0,0,0,0,0,1,0,0,$0.01 ,0.0
70,9.61,1,0,0,0,0,0,0,0,0,$0.29 ,0.009999999999999953
70,1.56,0,1,0,0,0,0,0,0,0,$0.14 ,-0.01999999999999999
70,0.2,0,0,0,0,1,0,0,0,0,$0.03 ,0.0
70,1.4000000000000001,0,0,0,0,0,0,0,0,1,$0.09 ,-0.010000000000000009
70,5.279999999999999,0,0,0,0,0,1,0,0,0,$0.08 ,0.009999999999999995
70,3.96,0,0,0,1,0,0,0,0,0,$0.15 ,-0.05000000000000002
70,0.32,0,0,0,0,0,0,0,1,0,$0.01 ,0.0
71,3.2,0,0,1,0,0,0,0,0,0,$0.21 ,0.01999999999999999
71,7.77,0,0,0,0,0,0,1,0,0,$0.01 ,0.0
71,10.89,1,0,0,0,0,0,0,0,0,$0.29 ,0.019999999999999962
71,1.2000000000000002,0,1,0,0,0,0,0,0,0,$0.15 ,-0.020000000000000018
71,0.49000000000000005,0,0,0,0,1,0,0,0,0,$0.04 ,0.010000000000000002
71,1.4000000000000001,0,0,0,0,0,0,0,0,1,$0.09 ,-0.010000000000000009
71,5.29,0,0,0,0,0,1,0,0,0,$0.07 ,0.0
71,6.25,0,0,0,1,0,0,0,0,0,$0.15 ,-0.04000000000000001
71,0.8400000000000001,0,0,0,0,0,0,0,1,0,$0.02 ,0.01
72,2.79,0,0,1,0,0,0,0,0,0,$0.21 ,0.01999999999999999
72,2.4,0,0,0,0,0,0,1,0,0,$0.01 ,0.0
72,12.6,1,0,0,0,0,0,0,0,0,$0.28 ,0.010000000000000009
72,1.1,0,1,0,0,0,0,0,0,0,$0.14 ,-0.01999999999999999
72,0.36,0,0,0,0,1,0,0,0,0,$0.04 ,0.010000000000000002
72,1.28,0,0,0,0,0,0,0,0,1,$0.08 ,-0.020000000000000004
72,3.06,0,0,0,0,0,1,0,0,0,$0.08 ,0.009999999999999995
72,4.62,0,0,0,1,0,0,0,0,0,$0.15 ,-0.04000000000000001
72,1.2,0,0,0,0,0,0,0,1,0,$0.01 ,0.0
73,4.07,0,0,1,0,0,0,0,0,0,$0.21 ,0.009999999999999981
73,1.98,0,0,0,0,0,0,1,0,0,$0.01 ,-0.01
73,9.3,1,0,0,0,0,0,0,0,0,$0.28 ,0.0
73,1.21,0,1,0,0,0,0,0,0,0,$0.14 ,-0.03
73,0.12,0,0,0,0,1,0,0,0,0,$0.04 ,0.0
73,1.2,0,0,0,0,0,0,0,0,1,$0.09 ,-0.020000000000000004
73,2.56,0,0,0,0,0,1,0,0,0,$0.09 ,0.01999999999999999
73,2.55,0,0,0,1,0,0,0,0,0,$0.15 ,-0.03
73,1.8,0,0,0,0,0,0,0,1,0,$0.01 ,0.0
74,4.18,0,0,1,0,0,0,0,0,0,$0.20 ,0.010000000000000009
74,1.7999999999999998,0,0,0,0,0,0,1,0,0,$0.01 ,0.0
74,9.28,1,0,0,0,0,0,0,0,0,$0.29 ,0.019999999999999962
74,1.1,0,1,0,0,0,0,0,0,0,$0.15 ,-0.010000000000000009
74,0.36,0,0,0,0,1,0,0,0,0,$0.04 ,0.0
74,1.55,0,0,0,0,0,0,0,0,1,$0.08 ,-0.009999999999999995
74,2.88,0,0,0,0,0,1,0,0,0,$0.09 ,0.009999999999999995
74,2.4,0,0,0,1,0,0,0,0,0,$0.15 ,-0.020000000000000018
74,1.6,0,0,0,0,0,0,0,1,0,$0.01 ,0.0
75,3.4000000000000004,0,0,1,0,0,0,0,0,0,$0.21 ,0.01999999999999999
75,1.76,0,0,0,0,0,0,1,0,0,$0.01 ,0.0
75,6.25,1,0,0,0,0,0,0,0,0,$0.30 ,0.010000000000000009
75,0.8099999999999999,0,1,0,0,0,0,0,0,0,$0.15 ,0.009999999999999981
75,0.12,0,0,0,0,1,0,0,0,0,$0.04 ,0.010000000000000002
75,0.8099999999999999,0,0,0,0,0,0,0,0,1,$0.08 ,-0.009999999999999995
75,2.4,0,0,0,0,0,1,0,0,0,$0.08 ,0.0
75,2.1,0,0,0,1,0,0,0,0,0,$0.14 ,-0.009999999999999981
75,1.36,0,0,0,0,0,0,0,1,0,$0.01 ,0.0
76,3.1,0,0,1,0,0,0,0,0,0,$0.21 ,0.0
76,1.87,0,0,0,0,0,0,1,0,0,$0.01 ,0.0
76,5.5,1,0,0,0,0,0,0,0,0,$0.30 ,0.010000000000000009
76,1.0,0,1,0,0,0,0,0,0,0,$0.15 ,0.0
76,0.16,0,0,0,0,1,0,0,0,0,$0.04 ,0.0
76,1.32,0,0,0,0,0,0,0,0,1,$0.08 ,-0.009999999999999995
76,3.6,0,0,0,0,0,1,0,0,0,$0.08 ,0.009999999999999995
76,2.4,0,0,0,1,0,0,0,0,0,$0.15 ,0.0
76,1.2,0,0,0,0,0,0,0,1,0,$0.01 ,-0.01
77,3.7,0,0,1,0,0,0,0,0,0,$0.20 ,-0.009999999999999981
77,1.7000000000000002,0,0,0,0,0,0,1,0,0,$0.01 ,0.0
77,7.0200000000000005,1,0,0,0,0,0,0,0,0,$0.30 ,0.019999999999999962
77,1.0,0,1,0,0,0,0,0,0,0,$0.14 ,0.0
77,0.2,0,0,0,0,1,0,0,0,0,$0.04 ,0.0
77,1.2,0,0,0,0,0,0,0,0,1,$0.08 ,0.0
77,2.1,0,0,0,0,0,1,0,0,0,$0.09 ,0.009999999999999995
77,2.24,0,0,0,1,0,0,0,0,0,$0.14 ,-0.009999999999999981
77,1.44,0,0,0,0,0,0,0,1,0,$0.01 ,0.0
78,3.2,0,0,1,0,0,0,0,0,0,$0.22 ,0.010000000000000009
78,1.3499999999999999,0,0,0,0,0,0,1,0,0,$0.01 ,0.0
78,10.85,1,0,0,0,0,0,0,0,0,$0.31 ,0.02999999999999997
78,0.8999999999999999,0,1,0,0,0,0,0,0,0,$0.16 ,0.01999999999999999
78,0.12,0,0,0,0,1,0,0,0,0,$0.04 ,0.0
78,1.12,0,0,0,0,0,0,0,0,1,$0.08 ,-0.009999999999999995
78,2.4,0,0,0,0,0,1,0,0,0,$0.08 ,-0.009999999999999995
78,1.56,0,0,0,1,0,0,0,0,0,$0.15 ,0.0
78,0.96,0,0,0,0,0,0,0,1,0,$0.01 ,0.0
79,7.6499999999999995,0,0,1,0,0,0,0,0,0,$0.23 ,0.03
79,8.36,0,0,0,0,0,0,1,0,0,$0.01 ,0.0
79,37.21,1,0,0,0,0,0,0,0,0,$0.35 ,0.06
79,2.1,0,1,0,0,0,0,0,0,0,$0.15 ,0.0
79,0.42,0,0,0,0,1,0,0,0,0,$0.06 ,0.019999999999999997
79,1.36,0,0,0,0,0,0,0,0,1,$0.08 ,0.0
79,7.5600000000000005,0,0,0,0,0,1,0,0,0,$0.08 ,-0.009999999999999995
79,3.2399999999999998,0,0,0,1,0,0,0,0,0,$0.15 ,0.0
79,2.31,0,0,0,0,0,0,0,1,0,$0.01 ,0.0
80,30.0,0,0,1,0,0,0,0,0,0,$0.23 ,0.020000000000000018
80,57.99999999999999,0,0,0,0,0,0,1,0,0,$0.01 ,0.0
80,72.25,1,0,0,0,0,0,0,0,0,$0.36 ,0.06
80,96.0,0,1,0,0,0,0,0,0,0,$0.12 ,-0.03
80,100.0,0,0,0,0,1,0,0,0,0,$0.07 ,0.030000000000000006
80,2.15,0,0,0,0,0,0,0,0,1,$0.07 ,-0.009999999999999995
80,100.0,0,0,0,0,0,1,0,0,0,$0.08 ,0.0
80,100.0,0,0,0,1,0,0,0,0,0,$0.13 ,-0.010000000000000009
80,51.0,0,0,0,0,0,0,0,1,0,$0.01 ,0.0
81,7.5,0,0,1,0,0,0,0,0,0,$0.24 ,0.03
81,3.12,0,0,0,0,0,0,1,0,0,$0.01 ,0.0
81,13.649999999999999,1,0,0,0,0,0,0,0,0,$0.37 ,0.07
81,9.28,0,1,0,0,0,0,0,0,0,$0.13 ,-0.01999999999999999
81,7.5600000000000005,0,0,0,0,1,0,0,0,0,$0.08 ,0.04
81,0.84,0,0,0,0,0,0,0,0,1,$0.09 ,0.009999999999999995
81,21.15,0,0,0,0,0,1,0,0,0,$0.09 ,0.009999999999999995
81,10.88,0,0,0,1,0,0,0,0,0,$0.13 ,-0.01999999999999999
81,2.31,0,0,0,0,0,0,0,1,0,$0.01 ,0.0
82,10.799999999999999,0,0,1,0,0,0,0,0,0,$0.22 ,0.01999999999999999
82,4.05,0,0,0,0,0,0,1,0,0,$0.01 ,0.0
82,10.23,1,0,0,0,0,0,0,0,0,$0.37 ,0.07
82,3.8,0,1,0,0,0,0,0,0,0,$0.14 ,0.0
82,6.76,0,0,0,0,1,0,0,0,0,$0.06 ,0.019999999999999997
82,1.24,0,0,0,0,0,0,0,0,1,$0.09 ,0.009999999999999995
82,8.41,0,0,0,0,0,1,0,0,0,$0.09 ,0.0
82,5.75,0,0,0,1,0,0,0,0,0,$0.14 ,0.0
82,1.71,0,0,0,0,0,0,0,1,0,$0.01 ,0.0
83,5.59,0,0,1,0,0,0,0,0,0,$0.24 ,0.01999999999999999
83,1.8,0,0,0,0,0,0,1,0,0,$0.01 ,0.0
83,7.000000000000001,1,0,0,0,0,0,0,0,0,$0.37 ,0.06
83,3.23,0,1,0,0,0,0,0,0,0,$0.14 ,-0.01999999999999999
83,2.1,0,0,0,0,1,0,0,0,0,$0.05 ,0.010000000000000002
83,0.63,0,0,0,0,0,0,0,0,1,$0.09 ,0.009999999999999995
83,5.76,0,0,0,0,0,1,0,0,0,$0.08 ,0.0
83,6.0,0,0,0,1,0,0,0,0,0,$0.13 ,-0.01999999999999999
83,1.89,0,0,0,0,0,0,0,1,0,$0.01 ,0.0
84,4.68,0,0,1,0,0,0,0,0,0,$0.22 ,-0.010000000000000009
84,1.17,0,0,0,0,0,0,1,0,0,$0.01 ,0.0
84,6.5,1,0,0,0,0,0,0,0,0,$0.36 ,0.010000000000000009
84,2.4,0,1,0,0,0,0,0,0,0,$0.14 ,-0.009999999999999981
84,2.24,0,0,0,0,1,0,0,0,0,$0.05 ,-0.009999999999999995
84,0.72,0,0,0,0,0,0,0,0,1,$0.09 ,0.009999999999999995
84,8.41,0,0,0,0,0,1,0,0,0,$0.09 ,0.009999999999999995
84,3.6,0,0,0,1,0,0,0,0,0,$0.14 ,-0.009999999999999981
84,1.6,0,0,0,0,0,0,0,1,0,$0.01 ,0.0
85,3.41,0,0,1,0,0,0,0,0,0,$0.24 ,0.009999999999999981
85,0.8400000000000001,0,0,0,0,0,0,1,0,0,$0.01 ,0.0
85,5.75,1,0,0,0,0,0,0,0,0,$0.36 ,0.0
85,1.2000000000000002,0,1,0,0,0,0,0,0,0,$0.13 ,0.010000000000000009
85,0.64,0,0,0,0,1,0,0,0,0,$0.06 ,-0.010000000000000009
85,0.69,0,0,0,0,0,0,0,0,1,$0.08 ,0.009999999999999995
85,7.249999999999999,0,0,0,0,0,1,0,0,0,$0.09 ,0.009999999999999995
85,2.89,0,0,0,1,0,0,0,0,0,$0.14 ,0.010000000000000009
85,1.4700000000000002,0,0,0,0,0,0,0,1,0,$0.01 ,0.0
